BEGIN;
INSERT INTO material_types (id, name) VALUES (1, "Hardware");
INSERT INTO material_types (id, name) VALUES (2, "Ink");
INSERT INTO material_types (id, name) VALUES (3, "Roll Material");
INSERT INTO material_types (id, name) VALUES (4, "Substrate");
INSERT INTO locations (id, name) VALUES (1, "Back Room");
INSERT INTO locations (id, name) VALUES (2, "Design Room");
INSERT INTO locations (id, name) VALUES (3, "Ink");
INSERT INTO locations (id, name) VALUES (4, "Left Rack");
INSERT INTO locations (id, name) VALUES (5, "Other");
INSERT INTO locations (id, name) VALUES (6, "Right Rack");
INSERT INTO locations (id, name) VALUES (7, "Substrate Rack");
INSERT INTO products (id, name, material_type_id, is_active) VALUES (1, "Vinyl - Matte- Grey Back", 3, 1);
INSERT INTO products (id, name, material_type_id, is_active) VALUES (2, "Vinyl - Perf - Clear", 3, 1);
INSERT INTO products (id, name, material_type_id, is_active) VALUES (3, "Photo Tex S", 3, 1);
INSERT INTO products (id, name, material_type_id, is_active) VALUES (4, "Vinyl - Translucent Back", 3, 1);
INSERT INTO products (id, name, material_type_id, is_active) VALUES (5, "Vinyl - Transparent", 3, 1);
INSERT INTO products (id, name, material_type_id, is_active) VALUES (6, "Static Cling - White", 3, 1);
INSERT INTO products (id, name, material_type_id, is_active) VALUES (7, "Static Cling Clear", 3, 1);
INSERT INTO products (id, name, material_type_id, is_active) VALUES (8, "Poster Paper", 3, 1);
INSERT INTO products (id, name, material_type_id, is_active) VALUES (9, "Vinyl - Reflective", 3, 1);
INSERT INTO products (id, name, material_type_id, is_active) VALUES (10, "Canvas", 3, 1);
INSERT INTO products (id, name, material_type_id, is_active) VALUES (11, "Vinyl - Vehicle Wrap", 3, 1);
INSERT INTO products (id, name, material_type_id, is_active) VALUES (12, "Vinyl - Gloss - Grey Back", 3, 1);
INSERT INTO products (id, name, material_type_id, is_active) VALUES (13, "Vinyl - Perf - White", 3, 1);
INSERT INTO products (id, name, material_type_id, is_active) VALUES (14, "Banner - SS 63\"", 3, 1);
INSERT INTO products (id, name, material_type_id, is_active) VALUES (15, "Banner - Mesh 54\"", 3, 1);
INSERT INTO products (id, name, material_type_id, is_active) VALUES (16, "Banner - DS 38\"", 3, 1);
INSERT INTO products (id, name, material_type_id, is_active) VALUES (17, "Banner - SS 38\"", 3, 1);
INSERT INTO products (id, name, material_type_id, is_active) VALUES (18, "Banner - SS 54\"", 3, 1);
INSERT INTO products (id, name, material_type_id, is_active) VALUES (19, "RTA Black", 3, 1);
INSERT INTO products (id, name, material_type_id, is_active) VALUES (20, "RTA White", 3, 1);
INSERT INTO products (id, name, material_type_id, is_active) VALUES (21, "Vinyl - Frost", 3, 1);
INSERT INTO products (id, name, material_type_id, is_active) VALUES (22, "Laminate - Luster", 3, 1);
INSERT INTO products (id, name, material_type_id, is_active) VALUES (23, "Laminate - Matte", 3, 1);
INSERT INTO products (id, name, material_type_id, is_active) VALUES (24, "Laminate - Dry Erase", 3, 1);
INSERT INTO products (id, name, material_type_id, is_active) VALUES (25, "Laminate - Slip presistant", 3, 1);
INSERT INTO products (id, name, material_type_id, is_active) VALUES (26, "Laminate - Gloss", 3, 1);
INSERT INTO products (id, name, material_type_id, is_active) VALUES (27, "Laminate - Vehicle", 3, 1);
INSERT INTO products (id, name, material_type_id, is_active) VALUES (28, "Magnet Roll - 030", 3, 1);
INSERT INTO products (id, name, material_type_id, is_active) VALUES (29, "Magnet Roll - 020", 3, 1);
INSERT INTO products (id, name, material_type_id, is_active) VALUES (30, "Coro - 10mm - 4x8", 4, 1);
INSERT INTO products (id, name, material_type_id, is_active) VALUES (31, "Alumalite - 5mm 4x8", 4, 1);
INSERT INTO products (id, name, material_type_id, is_active) VALUES (32, "Acrylic - Clear - 3/16", 4, 1);
INSERT INTO products (id, name, material_type_id, is_active) VALUES (33, "PVC - 3mm 4x8", 4, 1);
INSERT INTO products (id, name, material_type_id, is_active) VALUES (34, "Coro - 4mm - 50x100", 4, 1);
INSERT INTO products (id, name, material_type_id, is_active) VALUES (35, "Dibond - DS 4x8", 4, 1);
INSERT INTO products (id, name, material_type_id, is_active) VALUES (36, "Foam Board", 4, 1);
INSERT INTO products (id, name, material_type_id, is_active) VALUES (37, "Magnet Blanks", 4, 1);
INSERT INTO products (id, name, material_type_id, is_active) VALUES (38, "Coro - 4mm - 5x10", 4, 1);
INSERT INTO products (id, name, material_type_id, is_active) VALUES (39, "Coro - 6mm - 4x8", 4, 1);
INSERT INTO products (id, name, material_type_id, is_active) VALUES (40, "Coro - yard sign", 4, 1);
INSERT INTO products (id, name, material_type_id, is_active) VALUES (41, "Dibond - SS 4x8", 4, 1);
INSERT INTO products (id, name, material_type_id, is_active) VALUES (42, "Dibond - 5x10", 4, 1);
INSERT INTO products (id, name, material_type_id, is_active) VALUES (43, "Dibond - Specality", 4, 1);
INSERT INTO products (id, name, material_type_id, is_active) VALUES (44, "PVC - 3mm 5x10", 4, 1);
INSERT INTO products (id, name, material_type_id, is_active) VALUES (45, "PVC - 6mm 4x8", 4, 1);
INSERT INTO products (id, name, material_type_id, is_active) VALUES (46, "PVC - 6mm 5x10", 4, 1);
INSERT INTO products (id, name, material_type_id, is_active) VALUES (47, "PVC - Specality", 4, 1);
INSERT INTO products (id, name, material_type_id, is_active) VALUES (48, "RR Ink - LUS 170 - White", 2, 1);
INSERT INTO products (id, name, material_type_id, is_active) VALUES (49, "RR Ink - LUS 170 - Clear", 2, 1);
INSERT INTO products (id, name, material_type_id, is_active) VALUES (50, "RR Ink - LUS 170 - Cyan", 2, 1);
INSERT INTO products (id, name, material_type_id, is_active) VALUES (51, "RR Ink - LUS 170 - Magenta", 2, 1);
INSERT INTO products (id, name, material_type_id, is_active) VALUES (52, "RR Ink - LUS 170 - Yellow", 2, 1);
INSERT INTO products (id, name, material_type_id, is_active) VALUES (53, "RR Ink - LUS 170 - Black", 2, 1);
INSERT INTO products (id, name, material_type_id, is_active) VALUES (54, "FB Ink - LUS 100 - Clear", 2, 1);
INSERT INTO products (id, name, material_type_id, is_active) VALUES (55, "FB Ink - LUS 150 - Cyan", 2, 1);
INSERT INTO products (id, name, material_type_id, is_active) VALUES (56, "FB Ink - LUS 150 - Magenta", 2, 1);
INSERT INTO products (id, name, material_type_id, is_active) VALUES (57, "FB Ink - LUS 150 - Yellow", 2, 1);
INSERT INTO products (id, name, material_type_id, is_active) VALUES (58, "FB Ink - LUS 150 - Black", 2, 1);
INSERT INTO products (id, name, material_type_id, is_active) VALUES (59, "FB Ink - LUS 150 - White", 2, 1);
INSERT INTO products (id, name, material_type_id, is_active) VALUES (60, "Kraft Papaer - Brown", 1, 1);
INSERT INTO products (id, name, material_type_id, is_active) VALUES (61, "Masking Tape", 1, 1);
INSERT INTO products (id, name, material_type_id, is_active) VALUES (62, "Banner Tape", 1, 1);
INSERT INTO products (id, name, material_type_id, is_active) VALUES (63, "Green Tape", 1, 1);
INSERT INTO products (id, name, material_type_id, is_active) VALUES (64, "Frame - A Frame black", 1, 1);
INSERT INTO products (id, name, material_type_id, is_active) VALUES (65, "Frame - A Frame white", 1, 1);
INSERT INTO products (id, name, material_type_id, is_active) VALUES (66, "Frame - 24x18 v", 1, 1);
INSERT INTO products (id, name, material_type_id, is_active) VALUES (67, "Frame - 24x36 h", 1, 1);
INSERT INTO products (id, name, material_type_id, is_active) VALUES (68, "Frame - 24x24", 1, 1);
INSERT INTO products (id, name, material_type_id, is_active) VALUES (69, "Frame - 24x30 h", 1, 1);
INSERT INTO products (id, name, material_type_id, is_active) VALUES (70, "Frame - 30x24 v", 1, 1);
INSERT INTO products (id, name, material_type_id, is_active) VALUES (71, "Frame - 18x24 h", 1, 1);
INSERT INTO products (id, name, material_type_id, is_active) VALUES (72, "Photo Tex EX", 3, 1);
INSERT INTO skus (id, product_id, sku_code, unit_name, is_active) VALUES (1, 32, "CC4896316C", NULL, 1);
INSERT INTO skus (id, product_id, sku_code, unit_name, is_active) VALUES (2, 31, "SN1C2008DPF2", NULL, 1);
INSERT INTO skus (id, product_id, sku_code, unit_name, is_active) VALUES (3, 16, "DTXBO3816415", NULL, 1);
INSERT INTO skus (id, product_id, sku_code, unit_name, is_active) VALUES (4, 15, "DTXMESH541318L", NULL, 1);
INSERT INTO skus (id, product_id, sku_code, unit_name, is_active) VALUES (5, 17, "DTXB38115PSOM", NULL, 1);
INSERT INTO skus (id, product_id, sku_code, unit_name, is_active) VALUES (6, 18, "DTXB54115PSOM", NULL, 1);
INSERT INTO skus (id, product_id, sku_code, unit_name, is_active) VALUES (7, 14, "DTXB63115PSOM", NULL, 1);
INSERT INTO skus (id, product_id, sku_code, unit_name, is_active) VALUES (8, 62, "BANTAPEX1", NULL, 1);
INSERT INTO skus (id, product_id, sku_code, unit_name, is_active) VALUES (9, 10, "BL-C5475", NULL, 1);
INSERT INTO skus (id, product_id, sku_code, unit_name, is_active) VALUES (10, 30, "CP8410W", NULL, 1);
INSERT INTO skus (id, product_id, sku_code, unit_name, is_active) VALUES (11, 34, "CP50100W", NULL, 1);
INSERT INTO skus (id, product_id, sku_code, unit_name, is_active) VALUES (12, 38, "CP105W", NULL, 1);
INSERT INTO skus (id, product_id, sku_code, unit_name, is_active) VALUES (13, 39, NULL, NULL, 1);
INSERT INTO skus (id, product_id, sku_code, unit_name, is_active) VALUES (14, 40, "CP241PW", NULL, 1);
INSERT INTO skus (id, product_id, sku_code, unit_name, is_active) VALUES (15, 42, "MM1053MW", NULL, 1);
INSERT INTO skus (id, product_id, sku_code, unit_name, is_active) VALUES (16, 35, "MM843MWDP", NULL, 1);
INSERT INTO skus (id, product_id, sku_code, unit_name, is_active) VALUES (17, 41, "MM843MW1S", NULL, 1);
INSERT INTO skus (id, product_id, sku_code, unit_name, is_active) VALUES (18, 43, NULL, NULL, 1);
INSERT INTO skus (id, product_id, sku_code, unit_name, is_active) VALUES (19, 54, "I-LH100-CL-BA-1", NULL, 1);
INSERT INTO skus (id, product_id, sku_code, unit_name, is_active) VALUES (20, 58, "I-LUS15", NULL, 1);
INSERT INTO skus (id, product_id, sku_code, unit_name, is_active) VALUES (21, 55, "I-LUS15-C-BA-1", NULL, 1);
INSERT INTO skus (id, product_id, sku_code, unit_name, is_active) VALUES (22, 56, "I-LUS15", NULL, 1);
INSERT INTO skus (id, product_id, sku_code, unit_name, is_active) VALUES (23, 59, "I-LUS15", NULL, 1);
INSERT INTO skus (id, product_id, sku_code, unit_name, is_active) VALUES (24, 57, "I-LUS15", NULL, 1);
INSERT INTO skus (id, product_id, sku_code, unit_name, is_active) VALUES (25, 36, "3AFCE4896316W", NULL, 1);
INSERT INTO skus (id, product_id, sku_code, unit_name, is_active) VALUES (26, 71, "HR2418SIBOX", NULL, 1);
INSERT INTO skus (id, product_id, sku_code, unit_name, is_active) VALUES (27, 66, "HR1824VBOX", NULL, 1);
INSERT INTO skus (id, product_id, sku_code, unit_name, is_active) VALUES (28, 68, NULL, NULL, 1);
INSERT INTO skus (id, product_id, sku_code, unit_name, is_active) VALUES (29, 69, "HR3624SIBOX", NULL, 1);
INSERT INTO skus (id, product_id, sku_code, unit_name, is_active) VALUES (30, 67, NULL, NULL, 1);
INSERT INTO skus (id, product_id, sku_code, unit_name, is_active) VALUES (31, 70, NULL, NULL, 1);
INSERT INTO skus (id, product_id, sku_code, unit_name, is_active) VALUES (32, 64, "140NSBK", NULL, 1);
INSERT INTO skus (id, product_id, sku_code, unit_name, is_active) VALUES (33, 65, "140NS", NULL, 1);
INSERT INTO skus (id, product_id, sku_code, unit_name, is_active) VALUES (34, 63, "GMASK1", NULL, 1);
INSERT INTO skus (id, product_id, sku_code, unit_name, is_active) VALUES (35, 60, "KRAFT5054", NULL, 1);
INSERT INTO skus (id, product_id, sku_code, unit_name, is_active) VALUES (36, 24, "110-54", NULL, 1);
INSERT INTO skus (id, product_id, sku_code, unit_name, is_active) VALUES (37, 26, "OLUV-GLS54", NULL, 1);
INSERT INTO skus (id, product_id, sku_code, unit_name, is_active) VALUES (38, 22, "OLUV-LST54", NULL, 1);
INSERT INTO skus (id, product_id, sku_code, unit_name, is_active) VALUES (39, 23, "OLUV-MAT54", NULL, 1);
INSERT INTO skus (id, product_id, sku_code, unit_name, is_active) VALUES (40, 25, NULL, NULL, 1);
INSERT INTO skus (id, product_id, sku_code, unit_name, is_active) VALUES (41, 27, "3M8518", NULL, 1);
INSERT INTO skus (id, product_id, sku_code, unit_name, is_active) VALUES (42, 37, "MAG1224", NULL, 1);
INSERT INTO skus (id, product_id, sku_code, unit_name, is_active) VALUES (43, 29, NULL, NULL, 1);
INSERT INTO skus (id, product_id, sku_code, unit_name, is_active) VALUES (44, 28, "MAG2425", NULL, 1);
INSERT INTO skus (id, product_id, sku_code, unit_name, is_active) VALUES (45, 61, NULL, NULL, 1);
INSERT INTO skus (id, product_id, sku_code, unit_name, is_active) VALUES (46, 33, "P843MWE", NULL, 1);
INSERT INTO skus (id, product_id, sku_code, unit_name, is_active) VALUES (47, 44, "P1053MW", NULL, 1);
INSERT INTO skus (id, product_id, sku_code, unit_name, is_active) VALUES (48, 45, "P846MWE", NULL, 1);
INSERT INTO skus (id, product_id, sku_code, unit_name, is_active) VALUES (49, 46, "P1056MW", NULL, 1);
INSERT INTO skus (id, product_id, sku_code, unit_name, is_active) VALUES (50, 47, NULL, NULL, 1);
INSERT INTO skus (id, product_id, sku_code, unit_name, is_active) VALUES (51, 72, NULL, NULL, 1);
INSERT INTO skus (id, product_id, sku_code, unit_name, is_active) VALUES (52, 3, NULL, NULL, 1);
INSERT INTO skus (id, product_id, sku_code, unit_name, is_active) VALUES (53, 8, "BL-P54150", NULL, 1);
INSERT INTO skus (id, product_id, sku_code, unit_name, is_active) VALUES (54, 53, "I-LUS17", NULL, 1);
INSERT INTO skus (id, product_id, sku_code, unit_name, is_active) VALUES (55, 49, "I-LUS17", NULL, 1);
INSERT INTO skus (id, product_id, sku_code, unit_name, is_active) VALUES (56, 50, "I-LUS17", NULL, 1);
INSERT INTO skus (id, product_id, sku_code, unit_name, is_active) VALUES (57, 51, "I-LUS17", NULL, 1);
INSERT INTO skus (id, product_id, sku_code, unit_name, is_active) VALUES (58, 48, "I-LUS17", NULL, 1);
INSERT INTO skus (id, product_id, sku_code, unit_name, is_active) VALUES (59, 52, "I-LUS17", NULL, 1);
INSERT INTO skus (id, product_id, sku_code, unit_name, is_active) VALUES (60, 19, "50-10-48 Black", NULL, 1);
INSERT INTO skus (id, product_id, sku_code, unit_name, is_active) VALUES (61, 20, "50-10-48 White", NULL, 1);
INSERT INTO skus (id, product_id, sku_code, unit_name, is_active) VALUES (62, 6, "208-54", NULL, 1);
INSERT INTO skus (id, product_id, sku_code, unit_name, is_active) VALUES (63, 7, NULL, NULL, 1);
INSERT INTO skus (id, product_id, sku_code, unit_name, is_active) VALUES (64, 21, "A9W861-4810", NULL, 1);
INSERT INTO skus (id, product_id, sku_code, unit_name, is_active) VALUES (65, 12, "3MIJ35C-10-54", NULL, 1);
INSERT INTO skus (id, product_id, sku_code, unit_name, is_active) VALUES (66, 1, NULL, NULL, 1);
INSERT INTO skus (id, product_id, sku_code, unit_name, is_active) VALUES (67, 2, NULL, NULL, 1);
INSERT INTO skus (id, product_id, sku_code, unit_name, is_active) VALUES (68, 13, NULL, NULL, 1);
INSERT INTO skus (id, product_id, sku_code, unit_name, is_active) VALUES (69, 9, "O5600-010-54", NULL, 1);
INSERT INTO skus (id, product_id, sku_code, unit_name, is_active) VALUES (70, 4, "IM2203-54", NULL, 1);
INSERT INTO skus (id, product_id, sku_code, unit_name, is_active) VALUES (71, 5, "IM3205", NULL, 1);
INSERT INTO skus (id, product_id, sku_code, unit_name, is_active) VALUES (72, 11, "3M180IJ-CV3-54", NULL, 1);
INSERT INTO par_levels (sku_id, location_id, par_qty_tenths) VALUES (66, 4, 0) ON CONFLICT(sku_id, location_id) DO UPDATE SET par_qty_tenths=excluded.par_qty_tenths;
INSERT INTO par_levels (sku_id, location_id, par_qty_tenths) VALUES (67, 4, 0) ON CONFLICT(sku_id, location_id) DO UPDATE SET par_qty_tenths=excluded.par_qty_tenths;
INSERT INTO par_levels (sku_id, location_id, par_qty_tenths) VALUES (52, 4, 1) ON CONFLICT(sku_id, location_id) DO UPDATE SET par_qty_tenths=excluded.par_qty_tenths;
INSERT INTO par_levels (sku_id, location_id, par_qty_tenths) VALUES (70, 4, 2) ON CONFLICT(sku_id, location_id) DO UPDATE SET par_qty_tenths=excluded.par_qty_tenths;
INSERT INTO par_levels (sku_id, location_id, par_qty_tenths) VALUES (71, 4, 2) ON CONFLICT(sku_id, location_id) DO UPDATE SET par_qty_tenths=excluded.par_qty_tenths;
INSERT INTO par_levels (sku_id, location_id, par_qty_tenths) VALUES (62, 4, 2) ON CONFLICT(sku_id, location_id) DO UPDATE SET par_qty_tenths=excluded.par_qty_tenths;
INSERT INTO par_levels (sku_id, location_id, par_qty_tenths) VALUES (63, 4, 2) ON CONFLICT(sku_id, location_id) DO UPDATE SET par_qty_tenths=excluded.par_qty_tenths;
INSERT INTO par_levels (sku_id, location_id, par_qty_tenths) VALUES (53, 4, 2) ON CONFLICT(sku_id, location_id) DO UPDATE SET par_qty_tenths=excluded.par_qty_tenths;
INSERT INTO par_levels (sku_id, location_id, par_qty_tenths) VALUES (69, 4, 2) ON CONFLICT(sku_id, location_id) DO UPDATE SET par_qty_tenths=excluded.par_qty_tenths;
INSERT INTO par_levels (sku_id, location_id, par_qty_tenths) VALUES (9, 6, 2) ON CONFLICT(sku_id, location_id) DO UPDATE SET par_qty_tenths=excluded.par_qty_tenths;
INSERT INTO par_levels (sku_id, location_id, par_qty_tenths) VALUES (72, 4, 5) ON CONFLICT(sku_id, location_id) DO UPDATE SET par_qty_tenths=excluded.par_qty_tenths;
INSERT INTO par_levels (sku_id, location_id, par_qty_tenths) VALUES (65, 4, 15) ON CONFLICT(sku_id, location_id) DO UPDATE SET par_qty_tenths=excluded.par_qty_tenths;
INSERT INTO par_levels (sku_id, location_id, par_qty_tenths) VALUES (68, 4, 2) ON CONFLICT(sku_id, location_id) DO UPDATE SET par_qty_tenths=excluded.par_qty_tenths;
INSERT INTO par_levels (sku_id, location_id, par_qty_tenths) VALUES (7, 6, 2) ON CONFLICT(sku_id, location_id) DO UPDATE SET par_qty_tenths=excluded.par_qty_tenths;
INSERT INTO par_levels (sku_id, location_id, par_qty_tenths) VALUES (4, 6, 3) ON CONFLICT(sku_id, location_id) DO UPDATE SET par_qty_tenths=excluded.par_qty_tenths;
INSERT INTO par_levels (sku_id, location_id, par_qty_tenths) VALUES (3, 6, 5) ON CONFLICT(sku_id, location_id) DO UPDATE SET par_qty_tenths=excluded.par_qty_tenths;
INSERT INTO par_levels (sku_id, location_id, par_qty_tenths) VALUES (5, 6, 10) ON CONFLICT(sku_id, location_id) DO UPDATE SET par_qty_tenths=excluded.par_qty_tenths;
INSERT INTO par_levels (sku_id, location_id, par_qty_tenths) VALUES (6, 6, 10) ON CONFLICT(sku_id, location_id) DO UPDATE SET par_qty_tenths=excluded.par_qty_tenths;
INSERT INTO par_levels (sku_id, location_id, par_qty_tenths) VALUES (60, 2, 2) ON CONFLICT(sku_id, location_id) DO UPDATE SET par_qty_tenths=excluded.par_qty_tenths;
INSERT INTO par_levels (sku_id, location_id, par_qty_tenths) VALUES (61, 2, 4) ON CONFLICT(sku_id, location_id) DO UPDATE SET par_qty_tenths=excluded.par_qty_tenths;
INSERT INTO par_levels (sku_id, location_id, par_qty_tenths) VALUES (64, 2, 0) ON CONFLICT(sku_id, location_id) DO UPDATE SET par_qty_tenths=excluded.par_qty_tenths;
INSERT INTO par_levels (sku_id, location_id, par_qty_tenths) VALUES (38, 6, 0) ON CONFLICT(sku_id, location_id) DO UPDATE SET par_qty_tenths=excluded.par_qty_tenths;
INSERT INTO par_levels (sku_id, location_id, par_qty_tenths) VALUES (39, 6, 2) ON CONFLICT(sku_id, location_id) DO UPDATE SET par_qty_tenths=excluded.par_qty_tenths;
INSERT INTO par_levels (sku_id, location_id, par_qty_tenths) VALUES (36, 6, 2) ON CONFLICT(sku_id, location_id) DO UPDATE SET par_qty_tenths=excluded.par_qty_tenths;
INSERT INTO par_levels (sku_id, location_id, par_qty_tenths) VALUES (40, 6, 2) ON CONFLICT(sku_id, location_id) DO UPDATE SET par_qty_tenths=excluded.par_qty_tenths;
INSERT INTO par_levels (sku_id, location_id, par_qty_tenths) VALUES (37, 6, 10) ON CONFLICT(sku_id, location_id) DO UPDATE SET par_qty_tenths=excluded.par_qty_tenths;
INSERT INTO par_levels (sku_id, location_id, par_qty_tenths) VALUES (41, 6, 10) ON CONFLICT(sku_id, location_id) DO UPDATE SET par_qty_tenths=excluded.par_qty_tenths;
INSERT INTO par_levels (sku_id, location_id, par_qty_tenths) VALUES (44, 6, 1) ON CONFLICT(sku_id, location_id) DO UPDATE SET par_qty_tenths=excluded.par_qty_tenths;
INSERT INTO par_levels (sku_id, location_id, par_qty_tenths) VALUES (43, 6, 1) ON CONFLICT(sku_id, location_id) DO UPDATE SET par_qty_tenths=excluded.par_qty_tenths;
INSERT INTO par_levels (sku_id, location_id, par_qty_tenths) VALUES (10, 7, 10) ON CONFLICT(sku_id, location_id) DO UPDATE SET par_qty_tenths=excluded.par_qty_tenths;
INSERT INTO par_levels (sku_id, location_id, par_qty_tenths) VALUES (2, 7, 10) ON CONFLICT(sku_id, location_id) DO UPDATE SET par_qty_tenths=excluded.par_qty_tenths;
INSERT INTO par_levels (sku_id, location_id, par_qty_tenths) VALUES (1, 7, 20) ON CONFLICT(sku_id, location_id) DO UPDATE SET par_qty_tenths=excluded.par_qty_tenths;
INSERT INTO par_levels (sku_id, location_id, par_qty_tenths) VALUES (46, 7, 50) ON CONFLICT(sku_id, location_id) DO UPDATE SET par_qty_tenths=excluded.par_qty_tenths;
INSERT INTO par_levels (sku_id, location_id, par_qty_tenths) VALUES (11, 7, 100) ON CONFLICT(sku_id, location_id) DO UPDATE SET par_qty_tenths=excluded.par_qty_tenths;
INSERT INTO par_levels (sku_id, location_id, par_qty_tenths) VALUES (16, 7, 200) ON CONFLICT(sku_id, location_id) DO UPDATE SET par_qty_tenths=excluded.par_qty_tenths;
INSERT INTO par_levels (sku_id, location_id, par_qty_tenths) VALUES (25, 7, 10) ON CONFLICT(sku_id, location_id) DO UPDATE SET par_qty_tenths=excluded.par_qty_tenths;
INSERT INTO par_levels (sku_id, location_id, par_qty_tenths) VALUES (42, 7, 200) ON CONFLICT(sku_id, location_id) DO UPDATE SET par_qty_tenths=excluded.par_qty_tenths;
INSERT INTO par_levels (sku_id, location_id, par_qty_tenths) VALUES (12, 7, 0) ON CONFLICT(sku_id, location_id) DO UPDATE SET par_qty_tenths=excluded.par_qty_tenths;
INSERT INTO par_levels (sku_id, location_id, par_qty_tenths) VALUES (13, 7, 0) ON CONFLICT(sku_id, location_id) DO UPDATE SET par_qty_tenths=excluded.par_qty_tenths;
INSERT INTO par_levels (sku_id, location_id, par_qty_tenths) VALUES (14, 7, 0) ON CONFLICT(sku_id, location_id) DO UPDATE SET par_qty_tenths=excluded.par_qty_tenths;
INSERT INTO par_levels (sku_id, location_id, par_qty_tenths) VALUES (17, 7, 0) ON CONFLICT(sku_id, location_id) DO UPDATE SET par_qty_tenths=excluded.par_qty_tenths;
INSERT INTO par_levels (sku_id, location_id, par_qty_tenths) VALUES (15, 7, 0) ON CONFLICT(sku_id, location_id) DO UPDATE SET par_qty_tenths=excluded.par_qty_tenths;
INSERT INTO par_levels (sku_id, location_id, par_qty_tenths) VALUES (18, 7, 0) ON CONFLICT(sku_id, location_id) DO UPDATE SET par_qty_tenths=excluded.par_qty_tenths;
INSERT INTO par_levels (sku_id, location_id, par_qty_tenths) VALUES (47, 7, 0) ON CONFLICT(sku_id, location_id) DO UPDATE SET par_qty_tenths=excluded.par_qty_tenths;
INSERT INTO par_levels (sku_id, location_id, par_qty_tenths) VALUES (48, 7, 0) ON CONFLICT(sku_id, location_id) DO UPDATE SET par_qty_tenths=excluded.par_qty_tenths;
INSERT INTO par_levels (sku_id, location_id, par_qty_tenths) VALUES (49, 7, 0) ON CONFLICT(sku_id, location_id) DO UPDATE SET par_qty_tenths=excluded.par_qty_tenths;
INSERT INTO par_levels (sku_id, location_id, par_qty_tenths) VALUES (50, 7, 0) ON CONFLICT(sku_id, location_id) DO UPDATE SET par_qty_tenths=excluded.par_qty_tenths;
INSERT INTO par_levels (sku_id, location_id, par_qty_tenths) VALUES (58, 3, 10) ON CONFLICT(sku_id, location_id) DO UPDATE SET par_qty_tenths=excluded.par_qty_tenths;
INSERT INTO par_levels (sku_id, location_id, par_qty_tenths) VALUES (55, 3, 10) ON CONFLICT(sku_id, location_id) DO UPDATE SET par_qty_tenths=excluded.par_qty_tenths;
INSERT INTO par_levels (sku_id, location_id, par_qty_tenths) VALUES (56, 3, 10) ON CONFLICT(sku_id, location_id) DO UPDATE SET par_qty_tenths=excluded.par_qty_tenths;
INSERT INTO par_levels (sku_id, location_id, par_qty_tenths) VALUES (57, 3, 10) ON CONFLICT(sku_id, location_id) DO UPDATE SET par_qty_tenths=excluded.par_qty_tenths;
INSERT INTO par_levels (sku_id, location_id, par_qty_tenths) VALUES (59, 3, 10) ON CONFLICT(sku_id, location_id) DO UPDATE SET par_qty_tenths=excluded.par_qty_tenths;
INSERT INTO par_levels (sku_id, location_id, par_qty_tenths) VALUES (54, 3, 10) ON CONFLICT(sku_id, location_id) DO UPDATE SET par_qty_tenths=excluded.par_qty_tenths;
INSERT INTO par_levels (sku_id, location_id, par_qty_tenths) VALUES (19, 3, 31) ON CONFLICT(sku_id, location_id) DO UPDATE SET par_qty_tenths=excluded.par_qty_tenths;
INSERT INTO par_levels (sku_id, location_id, par_qty_tenths) VALUES (21, 3, 15) ON CONFLICT(sku_id, location_id) DO UPDATE SET par_qty_tenths=excluded.par_qty_tenths;
INSERT INTO par_levels (sku_id, location_id, par_qty_tenths) VALUES (22, 3, 15) ON CONFLICT(sku_id, location_id) DO UPDATE SET par_qty_tenths=excluded.par_qty_tenths;
INSERT INTO par_levels (sku_id, location_id, par_qty_tenths) VALUES (24, 3, 15) ON CONFLICT(sku_id, location_id) DO UPDATE SET par_qty_tenths=excluded.par_qty_tenths;
INSERT INTO par_levels (sku_id, location_id, par_qty_tenths) VALUES (20, 3, 15) ON CONFLICT(sku_id, location_id) DO UPDATE SET par_qty_tenths=excluded.par_qty_tenths;
INSERT INTO par_levels (sku_id, location_id, par_qty_tenths) VALUES (23, 3, 21) ON CONFLICT(sku_id, location_id) DO UPDATE SET par_qty_tenths=excluded.par_qty_tenths;
INSERT INTO par_levels (sku_id, location_id, par_qty_tenths) VALUES (35, 5, 1) ON CONFLICT(sku_id, location_id) DO UPDATE SET par_qty_tenths=excluded.par_qty_tenths;
INSERT INTO par_levels (sku_id, location_id, par_qty_tenths) VALUES (45, 5, 20) ON CONFLICT(sku_id, location_id) DO UPDATE SET par_qty_tenths=excluded.par_qty_tenths;
INSERT INTO par_levels (sku_id, location_id, par_qty_tenths) VALUES (8, 5, 30) ON CONFLICT(sku_id, location_id) DO UPDATE SET par_qty_tenths=excluded.par_qty_tenths;
INSERT INTO par_levels (sku_id, location_id, par_qty_tenths) VALUES (34, 5, 40) ON CONFLICT(sku_id, location_id) DO UPDATE SET par_qty_tenths=excluded.par_qty_tenths;
INSERT INTO par_levels (sku_id, location_id, par_qty_tenths) VALUES (32, 1, 10) ON CONFLICT(sku_id, location_id) DO UPDATE SET par_qty_tenths=excluded.par_qty_tenths;
INSERT INTO par_levels (sku_id, location_id, par_qty_tenths) VALUES (33, 1, 10) ON CONFLICT(sku_id, location_id) DO UPDATE SET par_qty_tenths=excluded.par_qty_tenths;
INSERT INTO par_levels (sku_id, location_id, par_qty_tenths) VALUES (27, 1, 20) ON CONFLICT(sku_id, location_id) DO UPDATE SET par_qty_tenths=excluded.par_qty_tenths;
INSERT INTO par_levels (sku_id, location_id, par_qty_tenths) VALUES (30, 1, 20) ON CONFLICT(sku_id, location_id) DO UPDATE SET par_qty_tenths=excluded.par_qty_tenths;
INSERT INTO par_levels (sku_id, location_id, par_qty_tenths) VALUES (28, 1, 20) ON CONFLICT(sku_id, location_id) DO UPDATE SET par_qty_tenths=excluded.par_qty_tenths;
INSERT INTO par_levels (sku_id, location_id, par_qty_tenths) VALUES (29, 1, 40) ON CONFLICT(sku_id, location_id) DO UPDATE SET par_qty_tenths=excluded.par_qty_tenths;
INSERT INTO par_levels (sku_id, location_id, par_qty_tenths) VALUES (31, 1, 40) ON CONFLICT(sku_id, location_id) DO UPDATE SET par_qty_tenths=excluded.par_qty_tenths;
INSERT INTO par_levels (sku_id, location_id, par_qty_tenths) VALUES (26, 1, 60) ON CONFLICT(sku_id, location_id) DO UPDATE SET par_qty_tenths=excluded.par_qty_tenths;
INSERT INTO par_levels (sku_id, location_id, par_qty_tenths) VALUES (51, 4, 1) ON CONFLICT(sku_id, location_id) DO UPDATE SET par_qty_tenths=excluded.par_qty_tenths;
COMMIT;
